TrueLabel,ConfidenceScore
1,0.666667
1,0.75
1,0.666667
2,0.833333
2,0.833333
3,0.666667
3,0.666667
3,0.666667
3,0.666667
4,0.5
4,0.583333
6,0.75
6,0.75
6,0.75
7,0.583333
7,0.583333
7,0.583333
7,0.583333
7,0.583333
8,0.583333
9,0.75
9,0.75
9,0.75
10,0.75
