TrueLabel,ConfidenceScore
1,0.963456
1,0.964477
1,0.961584
2,0.957668
2,0.942051
3,0.964691
3,0.950147
3,0.964126
3,0.962227
4,0.962621
4,0.957876
6,0.972133
6,0.970683
6,0.973524
7,0.975776
7,0.966677
7,0.95949
7,0.950723
7,0.956244
8,0.965606
9,0.992194
9,0.992477
9,0.993041
10,0.965409
