TrueLabel,ConfidenceScore
1,0.924568
2,0.939927
2,0.943855
2,0.932141
3,0.959533
3,0.962934
4,0.942236
5,0.942401
5,0.958693
5,0.946445
5,0.95614
5,0.952133
6,0.945338
6,0.945887
7,0.928885
8,0.926752
8,0.924449
8,0.935199
9,0.969819
9,0.962491
9,0.962258
10,0.916394
10,0.920735
10,0.92948
