TrueLabel,ConfidenceScore
1,0.959542
1,0.969404
1,0.961607
2,0.975537
2,0.974058
2,0.968329
3,0.97607
3,0.97737
3,0.970247
4,0.985342
4,0.979896
4,0.979843
5,0.972544
5,0.977787
5,0.9852
5,0.955095
7,0.960035
8,0.987234
9,0.980606
9,0.969419
9,0.950347
9,0.943599
10,0.969385
10,0.962558
