TrueLabel,ConfidenceScore
1,0.583333
1,0.666667
1,0.583333
2,0.666667
2,0.75
2,0.666667
3,0.666667
3,0.666667
3,0.666667
3,0.666667
4,0.75
4,0.5
6,0.75
6,0.75
6,0.75
7,0.916667
8,0.583333
8,0.5
8,0.5
8,0.583333
8,0.416667
9,0.916667
10,0.833333
10,0.666667
