TrueLabel,ConfidenceScore
1,0.94055
1,0.968678
1,0.953028
2,0.977782
2,0.970298
2,0.940246
3,0.974507
3,0.972242
3,0.981325
3,0.977509
4,0.959281
4,0.956934
6,0.994143
6,0.996032
6,0.992123
7,0.976709
8,0.959448
8,0.967957
8,0.966195
8,0.968819
8,0.947437
9,0.968115
10,0.939045
10,0.935547
