TrueLabel,ConfidenceScore
1,0.97427
1,0.971164
1,0.970922
2,0.956833
2,0.939884
3,0.971348
3,0.961093
3,0.970858
3,0.968917
4,0.967946
4,0.970384
5,0.986477
5,0.985846
6,0.976201
6,0.974793
6,0.977426
7,0.974952
7,0.957039
7,0.969147
8,0.9726
9,0.994379
9,0.994569
9,0.994988
10,0.954124
