TrueLabel,ConfidenceScore
1,0.5
2,0.5
2,0.5
2,0.666667
3,0.75
3,0.75
4,0.75
5,0.583333
5,0.583333
5,0.583333
5,0.583333
5,0.583333
6,0.833333
6,0.833333
7,0.75
8,0.416667
8,0.416667
8,0.333333
9,0.75
9,0.75
9,0.75
10,0.583333
10,0.583333
10,0.5
