TrueLabel,ConfidenceScore
1,0.923914
2,0.938688
2,0.942722
2,0.931205
3,0.954063
3,0.956758
4,0.94249
5,0.942467
5,0.955404
5,0.94521
5,0.95171
5,0.949422
6,0.973469
6,0.973643
7,0.925765
8,0.923033
8,0.921643
8,0.936576
9,0.95419
9,0.955891
9,0.953949
10,0.912385
10,0.916846
10,0.922737
