TrueLabel,ConfidenceScore
1,0.961164
1,0.968811
1,0.956212
2,0.953188
2,0.942806
2,0.942672
3,0.966439
3,0.981629
3,0.970249
4,0.988717
4,0.982753
4,0.984089
5,0.969891
5,0.974207
5,0.987388
5,0.960195
7,0.958623
8,0.986242
9,0.983422
9,0.966373
9,0.950583
9,0.948991
10,0.971715
10,0.984114
