TrueLabel,ConfidenceScore
1,0.5
1,0.666667
1,0.583333
2,0.666667
2,0.666667
2,0.666667
3,0.583333
3,0.583333
3,0.666667
4,0.75
4,0.75
4,0.583333
5,0.666667
5,0.666667
5,0.666667
5,0.5
7,0.583333
8,0.666667
9,0.416667
9,0.583333
9,0.666667
9,0.5
10,0.5
10,0.666667
