TrueLabel,ConfidenceScore
1,0.939927
1,0.968724
1,0.954281
2,0.965727
2,0.980135
2,0.947054
3,0.951597
3,0.954466
3,0.958385
3,0.952926
4,0.957606
4,0.959962
6,0.976803
6,0.978186
6,0.981119
7,0.985539
8,0.967778
8,0.97839
8,0.98163
8,0.969934
8,0.941531
9,0.988857
10,0.939347
10,0.936355
