TrueLabel,ConfidenceScore
1,0.333333
1,0.583333
1,0.666667
2,0.75
2,0.75
2,0.75
3,0.833333
3,0.833333
4,0.5
4,0.5
5,0.833333
5,0.833333
6,0.75
6,0.75
6,0.75
7,0.666667
7,0.666667
7,0.666667
8,0.416667
8,0.416667
9,0.833333
9,0.833333
10,0.5
10,0.583333
10,0.5
11,0.833333
11,0.833333
12,0.75
12,0.75
13,0.583333
13,0.5
14,0.666667
14,0.833333
15,0.583333
15,0.833333
16,0.583333
16,0.583333
16,0.666667
17,0.75
17,0.5
17,0.75
18,0.5
18,0.583333
