TrueLabel,ConfidenceScore
1,0.416667
1,0.5
1,0.416667
1,0.25
2,0.583333
2,0.583333
2,0.5
3,0.75
3,0.75
4,0.333333
4,0.5
4,0.333333
5,0.666667
5,0.833333
6,0.833333
6,0.833333
7,0.833333
7,0.75
8,0.25
8,0.416667
9,0.833333
9,0.833333
10,0.416667
10,0.5
10,0.5
11,0.833333
11,0.833333
12,0.416667
12,0.75
12,0.75
13,0.5
13,0.416667
14,0.75
14,0.75
15,0.583333
15,0.5
15,0.583333
16,0.416667
16,0.583333
17,0.5
17,0.25
18,0.416667
18,0.5
