TrueLabel,ConfidenceScore
1,0.5
1,0.666667
2,0.75
2,0.583333
2,0.583333
3,0.666667
3,0.75
4,0.583333
4,0.583333
4,0.5
5,0.75
5,0.75
6,0.833333
6,0.833333
7,0.333333
7,0.666667
8,0.333333
8,0.583333
9,0.416667
9,0.5
9,0.333333
10,0.416667
10,0.416667
11,0.75
11,0.75
11,0.75
12,0.833333
12,0.833333
13,0.333333
13,0.5
14,0.416667
14,0.5
14,0.583333
15,0.416667
15,0.333333
15,0.333333
16,0.5
16,0.5
17,0.416667
17,0.5
18,0.666667
18,0.5
18,0.583333
