TrueLabel,ConfidenceScore
1,0.75
1,0.333333
2,0.75
2,0.75
2,0.666667
3,0.5
3,0.75
3,0.75
4,0.5
4,0.416667
5,0.75
5,0.75
5,0.75
6,0.833333
6,0.833333
7,0.75
7,0.75
7,0.75
8,0.5
8,0.666667
8,0.583333
9,0.833333
9,0.833333
10,0.5
10,0.5
11,0.833333
11,0.833333
12,0.833333
12,0.833333
13,0.833333
13,0.666667
14,0.5
14,0.666667
14,0.666667
15,0.666667
15,0.666667
15,0.583333
16,0.5
16,0.666667
17,0.666667
17,0.666667
18,0.75
18,0.5
